CIDADE,BAIRRO,BANCO,AGENCIA
acrelandia (1),centro (1),banco-do-brasil (1),BANCO DO BRASIL - AGÊNCIA 4158
assis-brasil (2),centro (2),banco-do-brasil (1),BANCO DO BRASIL - AGÊNCIA 4652
assis-brasil (2),centro (2),caixa-economica-federal (1),CAIXA - AGÊNCIA 3589
brasileia (4),centro (1),banco-da-amazonia (1),BANCO DA AMAZONIA - AGÊNCIA 0012
brasileia (4),ferreira-silva (1),banco-bradesco (1),BRADESCO - AGÊNCIA 6159
brasileia (4),raimundo-chaar (1),caixa-economica-federal (1),CAIXA - AGÊNCIA 3416
brasileia (4),tres-botequins (1),banco-do-brasil (1),BANCO DO BRASIL - AGÊNCIA 1662
bujari (1),centro (1),caixa-economica-federal (1),CAIXA - AGÊNCIA 3424
cruzeiro-do-sul (5),centro (5),banco-do-brasil (2),BANCO DO BRASIL - AGÊNCIA 0234
cruzeiro-do-sul (5),centro (5),banco-do-brasil (2),BANCO DO BRASIL - AGÊNCIA 8124
cruzeiro-do-sul (5),centro (5),banco-bradesco (1),BRADESCO - AGÊNCIA 1060
cruzeiro-do-sul (5),centro (5),banco-da-amazonia (1),BANCO DA AMAZONIA - AGÊNCIA 0021
cruzeiro-do-sul (5),centro (5),caixa-economica-federal (1),CAIXA - AGÊNCIA 0803
epitaciolandia (1),centro (1),banco-do-brasil (1),BANCO DO BRASIL - AGÊNCIA 3952
feijo (3),centro (3),banco-da-amazonia (1),BANCO DA AMAZONIA - AGÊNCIA 0025
feijo (3),centro (3),banco-do-brasil (1),BANCO DO BRASIL - AGÊNCIA 4519
feijo (3),centro (3),caixa-economica-federal (1),CAIXA - AGÊNCIA 3707
mancio-lima (2),centro (2),banco-bradesco (1),BRADESCO - AGÊNCIA 6161
mancio-lima (2),centro (2),banco-do-brasil (1),BANCO DO BRASIL - AGÊNCIA 4128
manoel-urbano (1),centro (1),caixa-economica-federal (1),CAIXA - AGÊNCIA 3275
placido-de-castro (3),centro (3),banco-bradesco (1),BRADESCO - AGÊNCIA 6162
placido-de-castro (3),centro (3),banco-da-amazonia (1),BANCO DA AMAZONIA - AGÊNCIA 0194
placido-de-castro (3),centro (3),banco-do-brasil (1),BANCO DO BRASIL - AGÊNCIA 4023
porto-acre (1),vila-do-incra (1),caixa-economica-federal (1),CAIXA - AGÊNCIA 3423
rio-branco (8),centro (4),banco-do-brasil (5),BANCO DO BRASIL - AGÊNCIA 0071
rio-branco (8),centro (4),banco-do-brasil (5),BANCO DO BRASIL - AGÊNCIA 2359
rio-branco (8),centro (4),banco-do-brasil (5),BANCO DO BRASIL - AGÊNCIA 3550
rio-branco (8),centro (4),banco-do-brasil (5),BANCO DO BRASIL - AGÊNCIA 4265
rio-branco (8),centro (4),banco-do-brasil (5),BANCO DO BRASIL - AGÊNCIA 5790
rio-branco (8),centro (4),banco-bradesco (3),BRADESCO - AGÊNCIA 0427
rio-branco (8),centro (4),banco-bradesco (3),BRADESCO - AGÊNCIA 1001
rio-branco (8),centro (4),banco-bradesco (3),BRADESCO - AGÊNCIA 2225
rio-branco (8),centro (4),caixa-economica-federal (2),CAIXA - AGÊNCIA 0534
rio-branco (8),centro (4),caixa-economica-federal (2),CAIXA - AGÊNCIA 3705
rio-branco (8),centro (4),banco-da-amazonia (1),BANCO DA AMAZONIA - AGÊNCIA 0044
rio-branco (8),centro (4),banco-santander (1),SANTANDER - AGÊNCIA 3270
rio-branco (8),centro (4),banco-hsbc (1),HSBC - AGÊNCIA 0772
rio-branco (8),centro (4),itau-unibanco (1),ITAÚ - AGÊNCIA 0664
rio-branco (8),bosque (6),banco-bradesco (1),BRADESCO - AGÊNCIA 2840
rio-branco (8),bosque (6),banco-do-brasil (1),BANCO DO BRASIL - AGÊNCIA 3022
rio-branco (8),bosque (6),banco-santander (1),SANTANDER - AGÊNCIA 1556
rio-branco (8),bosque (6),caixa-economica-federal (1),CAIXA - AGÊNCIA 2278
rio-branco (8),bosque (6),itau-unibanco (1),ITAÚ - AGÊNCIA 7389
rio-branco (8),bosque (6),poupex (1),POUPEX - AGÊNCIA 0001
rio-branco (8),estacao-experimental (3),banco-do-brasil (1),BANCO DO BRASIL - AGÊNCIA 4266
rio-branco (8),estacao-experimental (3),caixa-economica-federal (1),CAIXA - AGÊNCIA 3320
rio-branco (8),estacao-experimental (3),itau-unibanco (1),ITAÚ - AGÊNCIA 9893
rio-branco (8),abrahao-alab (2),banco-da-amazonia (1),BANCO DA AMAZONIA - AGÊNCIA 1546
rio-branco (8),abrahao-alab (2),banco-do-brasil (1),BANCO DO BRASIL - AGÊNCIA 8125
rio-branco (8),7o-bec (1),banco-do-brasil (1),BANCO DO BRASIL - AGÊNCIA 5014
rio-branco (8),ipase (1),banco-do-brasil (1),BANCO DO BRASIL - AGÊNCIA 2358
rio-branco (8),triangulo (1),banco-do-brasil (1),BANCO DO BRASIL - AGÊNCIA 5779
sena-madureira (3),centro (3),banco-da-amazonia (1),BANCO DA AMAZONIA - AGÊNCIA 0049
sena-madureira (3),centro (3),banco-do-brasil (1),BANCO DO BRASIL - AGÊNCIA 1279
sena-madureira (3),centro (3),caixa-economica-federal (1),CAIXA - AGÊNCIA 3340
senador-guiomard (3),centro (3),banco-bradesco (1),BRADESCO - AGÊNCIA 6163
senador-guiomard (3),centro (3),banco-do-brasil (1),BANCO DO BRASIL - AGÊNCIA 4026
senador-guiomard (3),centro (3),caixa-economica-federal (1),CAIXA - AGÊNCIA 3706
tarauaca (3),centro (3),banco-da-amazonia (1),BANCO DA AMAZONIA - AGÊNCIA 0051
tarauaca (3),centro (3),banco-do-brasil (1),BANCO DO BRASIL - AGÊNCIA 2713
tarauaca (3),centro (3),caixa-economica-federal (1),CAIXA - AGÊNCIA 3339
xapuri (3),centro (3),banco-bradesco (1),BRADESCO - AGÊNCIA 6164
xapuri (3),centro (3),banco-da-amazonia (1),BANCO DA AMAZONIA - AGÊNCIA 0136
xapuri (3),centro (3),banco-do-brasil (1),BANCO DO BRASIL - AGÊNCIA 4520
